"title, company, location, link"
Staff Software Engineer,Realtor.com,"Richmond, BC, Canada",https://stackoverflow.com/jobs/421332
Senior Full-Stack Software Engineer,Splash Financial,"Cleveland, OH",https://stackoverflow.com/jobs/305993
サーバーサイドエンジニア,株式会社トレタ,"Shinagawa City, Japan",https://stackoverflow.com/jobs/318185
CCCMK_データエンジニア/Webエンジニア(データエンハンス),カルチュア･コンビニエンス・クラブグループ,"Shibuya City, Japan",https://stackoverflow.com/jobs/410177
システムエンジニア,パーソル パナソニック HRパートナーズ株式会社　テクニカル事業本部,"Fukuoka, Japan",https://stackoverflow.com/jobs/410174
【豊島区勤務】残業なし!ソフトウェア開発,株式会社アストライアーソフトウエア,"Toshima City, Japan",https://stackoverflow.com/jobs/399310
データ分析基盤構築エンジニア(マスメディアのビッグデータ),株式会社フォアキャスト・コミュニケーションズ,"Minato City, Japan",https://stackoverflow.com/jobs/399288
自社サービスAIエンジニア(人工知能による次世代OCR),株式会社インフォディオ,"Bunkyo City, Japan",https://stackoverflow.com/jobs/399287
2020 TechX Engineering Internship,T-Mobile,"Bellevue, WA",https://stackoverflow.com/jobs/386964
2020 TechX Software Engineering & Development Internship,T-Mobile,"Bellevue, WA",https://stackoverflow.com/jobs/386968
"Engineer, Systems Reliability",T-Mobile,"Atlanta, GA",https://stackoverflow.com/jobs/400799
"Engineer, Systems Reliability",T-Mobile,"Atlanta, GA",https://stackoverflow.com/jobs/395011
"Associate Analyst, Technical - Enterprise Data Solutions",T-Mobile,"Atlanta, GA",https://stackoverflow.com/jobs/411248
Software Engineer,Realtor.com,"Richmond, BC, Canada",https://stackoverflow.com/jobs/421331
Senior Software Engineer,Realtor.com,"Austin, TX",https://stackoverflow.com/jobs/421330
Staff Software Engineer,Realtor.com,"Morgantown, WV",https://stackoverflow.com/jobs/421325
Network Topology Lead Engineer,eBay,"Netanya, Israel",https://stackoverflow.com/jobs/410153
Senior Software Engineer - Data Engineering,Realtor.com,"Morgantown, WV",https://stackoverflow.com/jobs/421324
Flutter Developer (Immediate Joiners/Work from Office Only),IndianMoney.,"Bengaluru, India",https://stackoverflow.com/jobs/421307
Odoo Developer,Zynom Technologies Pvt Ltd,"Bengaluru, India",https://stackoverflow.com/jobs/421301
Mobile App Developer,Stayflexi,"Bengaluru, India",https://stackoverflow.com/jobs/421300
React Native Developer | Business Travel Solutions Brand,Unnati,"Bengaluru, India",https://stackoverflow.com/jobs/421297
DevOps Engineer,App Innovation Technologies,"Coimbatore, India",https://stackoverflow.com/jobs/421286
Lamp Stack Developer,ATOM Groups,"Coimbatore, India",https://stackoverflow.com/jobs/324345
Web Developer,Albega Solutions Pvt Ltd,"Coimbatore, India",https://stackoverflow.com/jobs/421267
[개발]Python 백엔드 개발자(정규직),"
위메프",대한민국,https://kr.indeed.com/채용보기?jk=a4946f6098077a45
ICT 분야별 개발자,"
케이뱅크은행",서울 종로구,https://kr.indeed.com/채용보기?jk=fd9bd0fcbf5c454a
Software Engineer,"
Google",서울,https://kr.indeed.com/채용보기?jk=d2df92c32bd4a203
[Clova] Cross Platform Python Packaging Intern,"
네이버",서울,https://kr.indeed.com/채용보기?jk=85d495b911ccfb21
[TmaxAI/R&D] AI본부 R&D 개발 연구원 신입/경력 (병역특례포함),"
티맥스소프트",서울,https://kr.indeed.com/채용보기?jk=dea33f0db5160c11
[Clova] Clova AI 인재,"
네이버",서울,https://kr.indeed.com/채용보기?jk=92bd400e3b5306ba
Customer Engagement Specialist,"
Sanofi",서울,https://kr.indeed.com/채용보기?jk=bb76e00964d6cec6
Frontend Developer (Javascript/React),"
Bepro Company",서울,https://kr.indeed.com/채용보기?jk=d11342cfe074df78
AI/빅데이터/클라우드 분야 (인재 Pool),"
LG유플러스",서울,https://kr.indeed.com/채용보기?jk=fb617eeb80ea6fa9
Deep Learning Engineer Intern,"
Intel",서울,https://kr.indeed.com/채용보기?jk=0b020b7dde41a326
[서울시뉴딜사업] IoT/빅데이터 분야 교육생,"
사단법인 한국벰스협회",서울 구로구,https://kr.indeed.com/채용보기?jk=b40498e72bdbc8a1
Data Scientist,"
Koniag, Inc.",대한민국,https://kr.indeed.com/채용보기?jk=193bfe67eed05c31
[전문연구요원] 상시,"
네이버",서울,https://kr.indeed.com/채용보기?jk=b79c2ae536063b01
하나손해보험 경력직,"
하나손해보험",서울 종로구,https://kr.indeed.com/채용보기?jk=0c07d097f996104e
[S/W] 대화 플랫폼 기획,"
현대자동차그룹",서울,https://kr.indeed.com/채용보기?jk=412b56962538de2e
Machine Learning Researcher – Audio and Speech,"
Qualcomm Korea YH",서울,https://kr.indeed.com/채용보기?jk=aea07d26df8ae423
Machine Learning Researcher – On-device AI theory and algorithm,"
Qualcomm Korea YH",서울,https://kr.indeed.com/채용보기?jk=c2f5f53dc48263eb
블록체인 시스템 엔지니어 채용(무관),"
네오위즈",대한민국,https://kr.indeed.com/채용보기?jk=ef10a663799ced7d
Application Developer,"
TAPICK",서울 영등포구,https://kr.indeed.com/채용보기?jk=db6177ed9e1f9408
Junior Full-stack Developer,"
Asiance",서울,https://kr.indeed.com/채용보기?jk=fb84164a9eed9423
[아이콘트롤스] 2020년 경력 직원 (데이터분석),"
현대산업개발",대한민국,https://kr.indeed.com/채용보기?jk=792d3ac05912a792
Machine Learning Research - Speech Recognition,"
Qualcomm Korea YH",서울,https://kr.indeed.com/채용보기?jk=19b7736d5aa3f7e5
[피파온라인4] 테크니컬 아티스트,"
Electronic Arts",서울,https://kr.indeed.com/채용보기?jk=0bce5c7e8c1e521d
[NAVERxLINE] Global Ad AI Engineer/AI Planner,"
네이버",서울,https://kr.indeed.com/채용보기?jk=a358a39da5dfc360
"빅데이터, 인공지능(AI) 외 신입/경력 정규직","
thecompany",경상남도,https://kr.indeed.com/채용보기?jk=2b7bc67cebf49cc0
보훈대상자 인재 채용,"
네오위즈",대한민국,https://kr.indeed.com/채용보기?jk=dfcb86f156623e5c
[그룹계열사 대기업] Data Analysis (통계 머신러닝 AI 모형 개발),"
제이앤피에이치알컨설팅",서울,https://kr.indeed.com/채용보기?jk=c88668ea065cd5bc
Mid-Market Sales Engineer,"
DataDog",대한민국,https://kr.indeed.com/채용보기?jk=52a593e64d404756
Developer / Designer recruit,"
마이뮤직테이스트",서울 논현동,https://kr.indeed.com/채용보기?jk=55a19c92c845685e
[해외취업] AI 엔지니어,"
株式会社ASCOM",대한민국,https://kr.indeed.com/채용보기?jk=cdc69e78bbccefd3
데이터 분석가(팀원급),"
리디",서울,https://kr.indeed.com/채용보기?jk=edf056387f11ec0d
"NAVER, LINE 서비스 플랫폼 운영","
엔아이티서비스",성남 분당구,https://kr.indeed.com/채용보기?jk=ae4fe13ef3b2fcb6
8퍼센트 개발자 (신입/경력),"
8퍼센트",서울 종로구,https://kr.indeed.com/채용보기?jk=8af26b37623864c4
데이터 엔지니어,"
RIDI Corp",서울,https://kr.indeed.com/채용보기?jk=3f7da33a5034262e
NAVER IDC 서버 운영/관리(가산),"
NIT Service",서울 가산동,https://kr.indeed.com/채용보기?jk=70fccff4d30cb6bf
Data Analytics SA,"
Amazon Web Services Korea LLC",서울,https://kr.indeed.com/채용보기?jk=62531072e6eeb4a8
Vertica Specialist Engineer,"
Micro Focus",서울,https://kr.indeed.com/채용보기?jk=b6b98977de0c5bd5
"JAVA, Python 외 신입/경력 정규직, 계약직","
여니",경기도 의왕,https://kr.indeed.com/채용보기?jk=3faad1cd7ea60ffd
Security Engineer (보안 엔지니어),"
Toss",서울 강남구,https://kr.indeed.com/채용보기?jk=fb6bafb5ae960c4e
Security Engineer (취약점 분석),"
Toss",서울 강남구,https://kr.indeed.com/채용보기?jk=96688eea9c1a9e28
Staff AE,"
Synopsys",서울,https://kr.indeed.com/채용보기?jk=c388192aa3ac0634
"서울 용산구) 응용 프로그래머 (JAVA, Python, C언어)","
심네트",서울 용산구,https://kr.indeed.com/채용보기?jk=7af042b41250c1be
"금융 데이터 분석 엔진, 로보어드바이저 개발자","
에스비씨엔",서울 영등포구,https://kr.indeed.com/채용보기?jk=649ccf047c868778
글로벌 여행 스타트업 Trazy - 백엔드 개발자 (Python),"
트레이지(Trazy)",서울 중구,https://kr.indeed.com/채용보기?jk=7c3e870969914d57
정보보안 담당자,"
Nexon",성남 분당구,https://kr.indeed.com/채용보기?jk=eeb9fe1c361f0758
Junior Quant Trader,"
Byzantine Partners",서울,https://kr.indeed.com/채용보기?jk=25725b3c0e607311
백엔드 개발자(데이터 엔지니어) - Junior,"
유저해빗",서울 마포구,https://kr.indeed.com/채용보기?jk=0d5c5371dd25b265
[인재풀] 아티스트,"
Electronic Arts",서울,https://kr.indeed.com/채용보기?jk=aac8e9355cb855ac
침해사고 대응 엔지니어,"
LINE Plus corporation",성남 서현역,https://kr.indeed.com/채용보기?jk=7676243d64f217b7
8퍼센트 경력 개발자,"
8퍼센트",서울 종로구,https://kr.indeed.com/채용보기?jk=464ef95516a5fa5c
Internal Infra Engineer,"
Toss",서울 강남구,https://kr.indeed.com/채용보기?jk=741cc6ac364ea9be
"[해외취업] 베리텍, 시스템개발자/응용프로그래머","
에임하이글로벌",대한민국,https://kr.indeed.com/채용보기?jk=3e2ccf374eae0c90
Data Scientist,"
Boston Consulting Group",서울,https://kr.indeed.com/채용보기?jk=ce6747e77c861c46
"[Search] 파파고 머신러닝(자연어처리, 컴퓨터비전) 엔지니어 (신입/경력)","
네이버",서울,https://kr.indeed.com/채용보기?jk=5522b833067096a2
[피파온라인4] 소프트웨어 엔지니어,"
Electronic Arts",서울,https://kr.indeed.com/채용보기?jk=1cf825d234463890
데이터 분석가(팀장급),"
RIDI Corp",서울,https://kr.indeed.com/채용보기?jk=cfcae55af6161623
분석지원팀 - 데이터 분석가,"
Nexon",성남 분당구,https://kr.indeed.com/채용보기?jk=4233609a843b5e96
Data Analyst,"
레이니스트",서울,https://kr.indeed.com/채용보기?jk=e5ca14de265f7fc9
[기술플랫폼실] 정보보호 담당자 영입,"
카카오페이",성남 분당구,https://kr.indeed.com/채용보기?jk=6e9819bc1b7015c9
Data Analyst,"
Axiologic Solutions",서울,https://kr.indeed.com/채용보기?jk=eb45c08f4c4a43d8
[AI Lab] Machine Learning 데이터 사이언티스트,"
버즈니",서울,https://kr.indeed.com/채용보기?jk=a93103d6dd6d208e
Solutions Engineer,"
Confluent",서울,https://kr.indeed.com/채용보기?jk=6a399a2c059ebbb1
[Search] 글로벌 콘텐츠 검색/ AI 기술 개발 신입/경력사원,"
네이버",서울,https://kr.indeed.com/채용보기?jk=90104004fabe2502
2020 전문연구요원 공개 채용,"
넷마블",서울 구로구,https://kr.indeed.com/채용보기?jk=b1c8dcf6b4990bbd
보험 신규사업 비즈니스 분야 담당자 영입,"
카카오페이",성남 분당구,https://kr.indeed.com/채용보기?jk=e30f23f4f814b717
보안 엔지니어,"
LINE Plus corporation",성남 서현역,https://kr.indeed.com/채용보기?jk=a0aaceee612dc43d
AI 연구/개발 직군 모집,"
넷마블",서울 구로구,https://kr.indeed.com/채용보기?jk=481f953ccaa4bc96
Senior Design Consultant,"
Synopsys",대한민국,https://kr.indeed.com/채용보기?jk=7e9a745cd8bdcbe3
검색 소프트웨어 엔지니어,"
myrealtrip",서울,https://kr.indeed.com/채용보기?jk=71675db885a52e67
Back-end Engineer (Python),"
Soomgo",서울 강남구,https://kr.indeed.com/채용보기?jk=752a4b5d63eac97c
프론트엔드 개발자,"
스포카",대한민국,https://kr.indeed.com/채용보기?jk=b25ed61fb84a5785
JAVA /JSP/PYTHON 개발자,"
티큐에스코리아",대한민국,https://kr.indeed.com/채용보기?jk=9fe8834bb6f7cadb
"[해외취업] 누리누비, 시스템개발자/응용프로그래머","
에임하이글로벌",대한민국,https://kr.indeed.com/채용보기?jk=b8484108a7f4884f
Healthcare Real World Data Analyst 담당자,"
IQVIA",서울,https://kr.indeed.com/채용보기?jk=a746de9c7a6168ef
Support Engineer,"
Microsoft",서울,https://kr.indeed.com/채용보기?jk=0bbf23c0930be392
Security Engineer (모의해킹/취약점 점검),"
Toss",서울 강남구,https://kr.indeed.com/채용보기?jk=241ae1e7499c461c
Data Scientist,"
Toss",서울 강남구,https://kr.indeed.com/채용보기?jk=7af6301dc691d3ab
Technical Solutions Engineer,"
MightyHive",서울,https://kr.indeed.com/채용보기?jk=2d83dcf8baac736b
광고팀 - 분석가,"
Nexon",성남 분당구,https://kr.indeed.com/채용보기?jk=3a08c7089343733d
네이버 쇼핑검색플랫폼 개발자,"
네이버",서울,https://kr.indeed.com/채용보기?jk=f3a14b3f8d9e3e12
Infra사업본부 Bigdata 프로젝트 개발자 件,"
SK 네트웍스서비스",경기도,https://kr.indeed.com/채용보기?jk=2cff377c899798fc
Launcher팀 소프트웨어 엔지니어,"
Nexon",성남 분당구,https://kr.indeed.com/채용보기?jk=d71794dc69947981
Applications Engineer (Library Characterization),"
Synopsys",서울,https://kr.indeed.com/채용보기?jk=8c8700db243d1a3c
인프라 플랫폼 개발자,"
고도소프트",서울 구로구,https://kr.indeed.com/채용보기?jk=2b1c5b35b97700fc
2020년 비투엔 신규 (신입/경력),"
비투엔",서울 영등포구,https://kr.indeed.com/채용보기?jk=54e9457d64ed5f20
퀀트운용팀 (사원-대리급),"
신한비엔피파리바자산운용",대한민국,https://kr.indeed.com/채용보기?jk=9040dba1c8db2a5d
[TmaxData/기술] DBMS 제품 QA 신입 및 경력,"
티맥스소프트",성남 분당구,https://kr.indeed.com/채용보기?jk=776e6326f5ed1142
빅데이터 분석 기술인력,"
한국정보기술단",과천 과천시,https://kr.indeed.com/채용보기?jk=3cc384be4fd74af2
[모빌리티 케어 서비스 세차왕] 백엔드 및 웹어플리케이션 개발자,"
세차왕",서울 성북구,https://kr.indeed.com/채용보기?jk=b8594be74aece37f
[서울지사] 데이터 분석가,"
네오플",서울 강남구,https://kr.indeed.com/채용보기?jk=3d0fef92805a8c7c
풀스텍 개발자,"
thecompany",경상남도,https://kr.indeed.com/채용보기?jk=324c4d2fbbec4bd7
백엔드 엔지니어,"
리디",서울,https://kr.indeed.com/채용보기?jk=47ceedd7be3734b9
DBA 엔지니어,"
쏘카",대한민국,https://kr.indeed.com/채용보기?jk=609e248684d02ecf
길벗출판사 IT 자원 관리와 개발 담당 경력직,"
도서출판 길벗",서울 마포구,https://kr.indeed.com/채용보기?jk=f55c3b3dac4b56c3
[던전앤파이터] 2D/3D 그래픽 기술개발 부문 TA,"
네오플",서울 강남구,https://kr.indeed.com/채용보기?jk=22f7b14e98d420c7
[연구 인턴] HR Data Analytics,"
현대자동차그룹",서울 양재역,https://kr.indeed.com/채용보기?jk=c70860a78df5dcff
AI/ 음성인식/ 차량보안/ 빅데이터/ IoT 등 R&D 부문 경력,"
현대오토에버",서울 강남구,https://kr.indeed.com/채용보기?jk=483b5c30ed9ccb06
Business Data Analyst,"
Soomgo",서울 강남구,https://kr.indeed.com/채용보기?jk=166aa0c72e94a266
신입 펌웨어 개발자,"
와이제이테크놀로지",경기도 화성,https://kr.indeed.com/채용보기?jk=87a30e8ffe892875
(주)웨이브웨어 2020 년도 신입사원 (개발자),"
웨이브웨어",대전 유성구,https://kr.indeed.com/채용보기?jk=1261d7964780dcb4
[S/W] Data Scientist,"
현대자동차그룹",서울 강남구,https://kr.indeed.com/채용보기?jk=08e8e3177f433432
[인재풀] Central Development Services,"
Electronic Arts",서울,https://kr.indeed.com/채용보기?jk=d9a8d22b38653d34
[ 2020 YG ENTERTAINMENT ] 정보관리 경력 (IT시스템 개발) - 상시 채용,"
YG 엔터테인먼트",서울 합정동,https://kr.indeed.com/채용보기?jk=dab3f72b35f4bc7e
Data Analyst,"
Toss",서울 강남구,https://kr.indeed.com/채용보기?jk=e393fa440b668be7
Production Data Analyst,"
하이퍼커넥트",서울,https://kr.indeed.com/채용보기?jk=1dfcccd87594a1a8
카카오 광고 서비스 알고리즘 및 시스템 개발,"
카카오",성남 판교역,https://kr.indeed.com/채용보기?jk=afe92c03320fe1b3
자연어처리 기술 개발자,"
NHN",성남 판교역,https://kr.indeed.com/채용보기?jk=9cf16f530cb5e00c
"서버 개발자 (Linux, C,C++, TCP/IP 소켓(Socket))","
비에이블컨설팅그룹",서울 구로구,https://kr.indeed.com/채용보기?jk=a6eebc1b2afbdf5c
CG Artist,"
LOCUS",대한민국,https://kr.indeed.com/채용보기?jk=94064c6864564f7b
AR App Engineer,"
하이퍼커넥트",서울,https://kr.indeed.com/채용보기?jk=f0651a7717791bc3
인공지능(AI) SW개발 담당 0명 자동화 산업장비 제조업,"
자동화 산업장비 제조업",대한민국,https://kr.indeed.com/채용보기?jk=5164238b12d010da
20년 차량용 반도체/전장SW 전문가 경력 상시 [제어평가],"
현대오트론",서울 강남구,https://kr.indeed.com/채용보기?jk=5d0fb885557980af
DBA,"
Toss",서울 강남구,https://kr.indeed.com/채용보기?jk=74d66a601cc8dde0
Data Platform Engineer,"
Toss",서울 강남구,https://kr.indeed.com/채용보기?jk=58776016fbc8665f
(E&M부문) TVING 경력사원 [웹서비스 개발(Front end)],"
CJ ENM",서울 마포구,https://kr.indeed.com/채용보기?jk=552512f2515ca8c6
인프라 엔지니어 (시스템/네트워크/클라우드) 모집,"
엔씨소프트",성남 판교역,https://kr.indeed.com/채용보기?jk=17de69fafdda4cda
2020년 하반기 하드웨어·소프트웨어 경력무관,"
메디칼이노베이션디벨로퍼",부산 해운대구,https://kr.indeed.com/채용보기?jk=efa15b7dcef3a855
20년 차량용 반도체/전장SW 전문가 경력 상시 [ADAS/자율주행개발],"
현대오트론",서울 강남구,https://kr.indeed.com/채용보기?jk=85749981b8b09cb2
Software Developer - Front-End / Back-End,"
AITRICS",서울,https://kr.indeed.com/채용보기?jk=5123207a169f90eb
백앤드 페이지 기획 및 프로그램 개발 웹프로그래머,"
전기자동차 충전기 제조, 판매, 설치 및 S/W개발, 전기자동차 충전 인프라 구축 우수 중...",경기도 의왕,https://kr.indeed.com/채용보기?jk=aaf9fc5cd39f6e17
"Counter Intelligence and HUMINT Operations Analyst, Senior","
Booz Allen Hamilton",경기도 평택,https://kr.indeed.com/채용보기?jk=1d1a37aff94c12d7
효성첨단소재(주) 타이어보강재PU 빅데이터 분석 경력사원,"
효성첨단소재",대한민국,https://kr.indeed.com/채용보기?jk=3b0e3b290f637baf
SOFTWARE ENGINEER - BACKEND,"
ODK Media, Inc.",서울 강남구,https://kr.indeed.com/채용보기?jk=6e4170888fdd92a5
[Mobile] 데이터 개발 (인프라),"
PUBG",서울,https://kr.indeed.com/채용보기?jk=48ab3226e83d9f51
[공덕동] 백엔드 개발자,"
캐시멜로",서울 공덕동,https://kr.indeed.com/채용보기?jk=b73e922ae4e4678e
Web 개발(이커머스 파트)_PHP/CodeIgniter/Javascript,"
버드뷰",서울 마포구,https://kr.indeed.com/채용보기?jk=3292e81e43884c67
Data Analyst,"
Miso, inc",서울,https://kr.indeed.com/채용보기?jk=4a94f2401f999ab6
Database Engineer,"
myrealtrip",서울,https://kr.indeed.com/채용보기?jk=2456da01f59e88b0
Backend Software Engineer(Streaming Data App),"
하이퍼커넥트",서울,https://kr.indeed.com/채용보기?jk=97b8a276ee41952f
AWS 데이터 센터 경력사원,"
아마존웹서비시즈코리아",서울,https://kr.indeed.com/채용보기?jk=76bc032e5720d4d2
[검색플랫폼] 검색시스템 개발자,"
카카오엔터프라이즈",성남 분당구,https://kr.indeed.com/채용보기?jk=03c348f581125403
데이터플랫폼 개발자 모집,"
넷마블",서울 구로구,https://kr.indeed.com/채용보기?jk=025677c2637bef23
11번가 CS DB데이터 추출/분석 분야,"
십일번가",서울 중구,https://kr.indeed.com/채용보기?jk=add49cd5049070c5
[홈쇼핑모아] 개발팀 / 데이터 엔지니어,"
버즈니",서울,https://kr.indeed.com/채용보기?jk=ceb8243bc8ae3c35
[S/W] Speech Recognition & Synthesis Engineer,"
현대자동차그룹",서울,https://kr.indeed.com/채용보기?jk=c4e122d47323fa72
Linux/Windows 시스템운영,"
인터파크홀딩스",서울 강남구,https://kr.indeed.com/채용보기?jk=2be421e6cf6d70a9
Operations Manager (Technical Support),"
Amazon Web Services Korea LLC",서울,https://kr.indeed.com/채용보기?jk=6e47e26f4267ddec
[Clova] Clova 머신러닝 Scientist 개발 신입/경력사원,"
네이버",서울,https://kr.indeed.com/채용보기?jk=257110e5aec08f6d
Performance Marketer (SA 중심),"
Soomgo",서울 강남구,https://kr.indeed.com/채용보기?jk=08ac4426aa2a7bed
DGIST 2019년 제1차 계약직원 공개채용 공고,"
대구경북과학기술원",대구 현풍면,https://kr.indeed.com/채용보기?jk=4cd34228af5013fd
[경력] 음성인식 엔진 개발,"
현대엠엔소프트",서울 용산구,https://kr.indeed.com/채용보기?jk=5bdf968fa6fc2f72
[경력] 빅데이터 플랫폼 엔지니어,"
카카오",성남 판교역,https://kr.indeed.com/채용보기?jk=61ecdc0ef3cfb66a
TD (Pipeline Developer),"
Calm Island",서울,https://kr.indeed.com/채용보기?jk=61465bb3bb6f654d
"영상 처리 개발자(컴퓨터 비전, 딥러닝) 경력자","
어니컴",서울 태평로1가,https://kr.indeed.com/채용보기?jk=807bcd3b199ac935
Senior Data Scientist - AWS Professional Services,"
Amazon Web Services Korea LLC",서울,https://kr.indeed.com/채용보기?jk=37da5b148b2d3ef4
성균관대학교 MSBA(Business Analytics)과정 Lab Assistant 모집 공고,"
성균관대학교",서울,https://kr.indeed.com/채용보기?jk=e7456e67191031e3
[Robotics] Deep Reinforcement Learning Engineer,"
네이버랩스",성남 분당구,https://kr.indeed.com/채용보기?jk=e6a866051633bde1
파이썬 웹 서버 개발자 모집,"
엔씨소프트",성남 판교역,https://kr.indeed.com/채용보기?jk=15f7bbd0d7b13487
Frontend Developer (Javascript/React),"
Bepro Company",서울,https://kr.indeed.com/채용보기?jk=d11342cfe074df78
데이터 사이언스 전문가 및 머신러닝 전문가,"
카카오",성남 판교역,https://kr.indeed.com/채용보기?jk=85929aac498299cc
[Search] 지식베이스 서비스 플랫폼 개발 신입/경력사원,"
네이버",서울,https://kr.indeed.com/채용보기?jk=99f838103536e067
Database / Advanced Support Engineer,"
Oracle",서울,https://kr.indeed.com/채용보기?jk=c7fcbf1ff4218637
[KSTEC] 2020년 신입 및 경력 채용 (SW개발자),"
지식시스템(주) 관심기업 IBK추천",성남 삼평동,https://kr.indeed.com/채용보기?jk=9d402790b29c351e
BI/DW 엔지니어,"
NHN ACE",성남 판교역,https://kr.indeed.com/채용보기?jk=f30968ff9c529805
[TGD] Data Scientist 모집,"
엔씨소프트",성남 판교역,https://kr.indeed.com/채용보기?jk=7290c535be43938a
Frontend Developer (Javascript/React),"
Bepro Company",서울,https://kr.indeed.com/채용보기?jk=d11342cfe074df78
"R&D Engineer, Sr I","
Synopsys",서울,https://kr.indeed.com/채용보기?jk=432b169b273d9964
[카카오커머스] 기술직군,"
카카오커머스",성남 분당구,https://kr.indeed.com/채용보기?jk=665e5885dfd75df4
클라우드 인프라 운영 담당자 모집,"
넷마블",서울 구로구,https://kr.indeed.com/채용보기?jk=bcd2f0630e298aa3
Business Data Analyst(Hakuna),"
하이퍼커넥트",서울,https://kr.indeed.com/채용보기?jk=09771a6f79b71060
"Field Application Engineer, Korea","
Arteris",대한민국,https://kr.indeed.com/채용보기?jk=1b06cec85f4b58e8
[S/W] 클라우드 기반 플랫폼 SW 개발,"
현대자동차그룹",서울,https://kr.indeed.com/채용보기?jk=6dcc8005e930a3cd
"Senior Staff Engineer, FAE Samsung","
ams",서울,https://kr.indeed.com/채용보기?jk=f8fcba2c93fcc52a
[무료교육] 재직자 위한 스마트제조 실무 교육 안내,"
한국산업기술협회",서울 금천구,https://kr.indeed.com/채용보기?jk=8349ebbe61582cf3
흥국자산운용 위험관리팀 경력직 및 인턴,"
흥국자산운용",대한민국,https://kr.indeed.com/채용보기?jk=95ec8e0e72c787b8
FPGA 플랫폼 엔지니어(딥러닝 하드웨어 프로세서 개발),"
딥엑스",성남 분당구,https://kr.indeed.com/채용보기?jk=00a89d974a463f1f
[Search] Global API 서빙 플랫폼 개발,"
네이버",서울,https://kr.indeed.com/채용보기?jk=6644e94fb52e7c0b
백엔드 소프트웨어개발자(정규직),"
데이터킹",안양 동안구,https://kr.indeed.com/채용보기?jk=72638e557d86d1f0
분석실 - 베이지안 분석 전문가,"
Nexon",성남 분당구,https://kr.indeed.com/채용보기?jk=19b44e0d17d112e2
Analytics Specialist,"
MightyHive",서울,https://kr.indeed.com/채용보기?jk=419692b3ddb34768
Quant 트레이딩 부문,"
벨에포크자산운용",대한민국,https://kr.indeed.com/채용보기?jk=3e617a8ed7934773
Video Solution System Engineer,"
Success Korea",서울,https://kr.indeed.com/채용보기?jk=838599aa8cfbcf47
Cloud Infrastructure Architect,"
Amazon Web Services Korea LLC",서울,https://kr.indeed.com/채용보기?jk=d9470ee259f7457b
[카카오 클라우드] 클라우드 개발자(Monitoring as a Service),"
카카오",성남 판교역,https://kr.indeed.com/채용보기?jk=6b65a5a35da64ed3
[Data Architect] 경력 개발자 공개,"
십일번가",서울 중구,https://kr.indeed.com/채용보기?jk=8119c9d2dd463673
게임 엔진 프로그래머(오디오) 채용,"
엔씨소프트",성남 판교역,https://kr.indeed.com/채용보기?jk=b3e7d932db7729d6
Cloud 서비스 (Infra as a Service) 개발자 (경력),"
카카오",성남 판교역,https://kr.indeed.com/채용보기?jk=449e0f73f32c6c7a
Android 앱개발자,"
이퓨인터내셔널",서울 강남구,https://kr.indeed.com/채용보기?jk=4c34c5ff03f0c0ce
중급개발자,"
소명소프트",서울 송파구,https://kr.indeed.com/채용보기?jk=1e0f910c427f76e1
[공통기술부문] DBA,"
우아한 형제들",서울 송파구,https://kr.indeed.com/채용보기?jk=611a08c9fbbafbc4
Business Data Analyst 경력자 채용,"
Coupang",서울,https://kr.indeed.com/채용보기?jk=2e471d0cf19be66c
"Principal, Business Analyst (SCM Systems)","
Coupang",서울,https://kr.indeed.com/채용보기?jk=f8884a7f8067fd39
[경력] 데브옵스개발 담당자,"
다나와",서울 양천구,https://kr.indeed.com/채용보기?jk=49994ff4c66c566c
[Search] 분산 데이터 저장 플랫폼 BE 개발 신입/경력사원,"
네이버",서울,https://kr.indeed.com/채용보기?jk=0010d13acf68cfe7
[Clova] 음성 합성 기술 개발 신입/경력사원,"
네이버",서울,https://kr.indeed.com/채용보기?jk=e18dbcd921d9633b
Data Engineer,"
레이니스트",서울,https://kr.indeed.com/채용보기?jk=02dd3cb5f0906404
아이나비 ADAS 영상처리 알고리즘 개발자 신입 및 경력 모집,"
팅크웨어(주) 관심기업",성남 삼평동,https://kr.indeed.com/채용보기?jk=f313fb5e0eb39349
DevOps Engineer,"
하이퍼커넥트",서울,https://kr.indeed.com/채용보기?jk=3d8e270a47a88295
[신규프로젝트] MMORPG 서버 플랫폼 프로그래머 모집,"
엔씨소프트",성남 판교역,https://kr.indeed.com/채용보기?jk=dff9fff96a889a1d
GNI 소프트웨어 개발자,"
KAN",울산 북구,https://kr.indeed.com/채용보기?jk=b2ebc1da56d8b120
Full Stack Developer (Internal Products),"
Toss",서울 강남구,https://kr.indeed.com/채용보기?jk=60c38beac39270b1
빅데이터기반 인공지능 네트워크/보안 개발자 정규직,"
온시큐리티",서울 송파구,https://kr.indeed.com/채용보기?jk=2c229768afa02d2d
Sales Engineer,"
Sendbird",서울,https://kr.indeed.com/채용보기?jk=e38f22d6852a857a
SNOW KREAM DevOps 엔지니어,"
스노우",성남 분당구,https://kr.indeed.com/채용보기?jk=e0fdbfd6fae7db61
DGIST 제2차 계약직 연구원 채용공고,"
대구경북과학기술원",대구 현풍면,https://kr.indeed.com/채용보기?jk=2cfd15907402c5cc
기술영업(신입/경력),"
에이치알 코리아",대한민국,https://kr.indeed.com/채용보기?jk=9fa9d498506f86aa
Full Stack Developer,"
Miso, inc",서울,https://kr.indeed.com/채용보기?jk=754348a9c3f08d66
데이터 인프라 담당자 (경력),"
카카오",성남 판교역,https://kr.indeed.com/채용보기?jk=8a5c305f2e5018ed
iOS Developer,"
Bepro Company",서울,https://kr.indeed.com/채용보기?jk=297e6568c740f98e
(주)후로스와 함께 하실 소프트웨어 개발자,"
후로스",경기도 군포,https://kr.indeed.com/채용보기?jk=f6eab56d19bce5b1
"산업기능요원 전직/보충역 휴먼스케이프 소프트웨어 엔지니어 (Frontend, Backend)","
휴먼스케이프",서울 강남구,https://kr.indeed.com/채용보기?jk=3038b8559c96c24f
게임 데이터 분석가,"
쿡앱스",성남 삼평동,https://kr.indeed.com/채용보기?jk=43bebf7b974d657a
Global Payment DevOps Engineer,"
LINE Plus corporation",성남 판교역,https://kr.indeed.com/채용보기?jk=3a6a8a0cd102be19
HANA Core Developer,"
SAP",서울,https://kr.indeed.com/채용보기?jk=0670de1bd35c0b7e
[리니지M] 전투 밸런스 기획자 모집,"
엔씨소프트",성남 판교역,https://kr.indeed.com/채용보기?jk=92da4f1dae35bc28
Alibaba Cloud Intelligence Solutions Architect South Korea,"
Alibaba",서울,https://kr.indeed.com/채용보기?jk=d8b903e3573250b1
Data Engineer,"
하이퍼커넥트",서울,https://kr.indeed.com/채용보기?jk=e0506fe72721e74d
지스트 블록체인경제센터 계약직연구원,"
광주과학기술원",광주 북구,https://kr.indeed.com/채용보기?jk=a7c68eba65a950aa
"대기업 빅데이터 분석 시스템 개발 및 운영 (Linux,Spark, Python, Java)","
차량IT 전문 기업 (대기업)",서울,https://kr.indeed.com/채용보기?jk=82f2101abe605330
리눅스 엔지니어 경력직,"
와이엘아이티",서울 구로구,https://kr.indeed.com/채용보기?jk=23c508d0e45dfac7
데이터인프라개발팀 - 데이터 플랫폼 엔지니어,"
Nexon",성남 분당구,https://kr.indeed.com/채용보기?jk=73457e281df2be21
머신러닝 서비스 개발 경력사원 (3년 이상),"
레드소프트",서울 구로구,https://kr.indeed.com/채용보기?jk=c4b2b8161d93ffd2
[신규프로젝트] 차세대 콘솔 테크니컬 아티스트 채용,"
엔씨소프트",성남 판교역,https://kr.indeed.com/채용보기?jk=a35563d9c3ef647d
Software Integration Engineer,"
Success Korea",서울,https://kr.indeed.com/채용보기?jk=d0ad8d53ad979e23
20년 차량용 반도체/전장SW 전문가 경력 상시 [PT SW플랫폼 개발],"
현대오트론",서울 강남구,https://kr.indeed.com/채용보기?jk=0fd935a8c87c082e
DGIST-ETH 마이크로로봇연구센터 계약직 연구원 공개 초빙 공고,"
대구경북과학기술원",대구 현풍면,https://kr.indeed.com/채용보기?jk=f9eeef2ae18870e6
성장하는 핀테크 스타트업 BackEnd Developer 경력직,"
웨이브릿지",서울 강남구,https://kr.indeed.com/채용보기?jk=f8ee4cfdf4dd6934
Developer (개발자),"
Coinplug",경기도 성남,https://kr.indeed.com/채용보기?jk=b7be58e7af38d186
Controlling & Risk Management Specialist,"
Mercedes-Benz Financial Services Korea Ltd.",서울,https://kr.indeed.com/채용보기?jk=8e6d0b5a19776c57
"서버, 서버개발 외 경력 정규직","
NZIA connect Inc.",인천 부평구,https://kr.indeed.com/채용보기?jk=60dfe14d5c2972e7
2017년도 제3차 계약직 연구원 공개채용 공고,"
대구경북과학기술원",대구 현풍면,https://kr.indeed.com/채용보기?jk=9ad46a78c31b7eaf
Frontend Developer (Javascript/React),"
Bepro Company",서울,https://kr.indeed.com/채용보기?jk=d11342cfe074df78
[Autonomous Driving] Virtual Environment Simulation Engineer,"
네이버",서울,https://kr.indeed.com/채용보기?jk=5ed0334bca0963cb
보안 개발자 모집,"
넷마블",서울 구로구,https://kr.indeed.com/채용보기?jk=b9a9af798e9d24a5
(E&M부문) TVING 경력사원 [추천/데이터개발],"
CJ ENM",서울 마포구,https://kr.indeed.com/채용보기?jk=ad669d082a9434cb
[S/W] Car Life service Backend 개발,"
현대자동차그룹",서울 강남구,https://kr.indeed.com/채용보기?jk=54eb25a6c8a295c4
RTL 및 ASIC 설계 엔지니어(딥러닝 하드웨어 프로세서 개발),"
딥엑스",성남 분당구,https://kr.indeed.com/채용보기?jk=694ab958318e7fdc
Cross Border Ecommerce - Business Intelligence (Based in Seoul),"
Shopee",서울,https://kr.indeed.com/채용보기?jk=b574f1454ae36aab
[AI Lab] AI 백엔드 엔지니어,"
버즈니",서울,https://kr.indeed.com/채용보기?jk=39d1abf861dbdb6e
데이터 분석가,"
카카오",성남 판교역,https://kr.indeed.com/채용보기?jk=092d062a6faa7139
Data Scientist(CSS 모델링),"
Toss",서울 강남구,https://kr.indeed.com/채용보기?jk=3933762f9f06df56
데이터 분석 직군 모집,"
넷마블",서울 구로구,https://kr.indeed.com/채용보기?jk=1c4f1c0b625f5abd
위시켓과 함께할 서버개발자님,"
위시켓",서울 강남구,https://kr.indeed.com/채용보기?jk=a3a65a4d59061430
[Clova] Conversation Engineering 개발 경력사원,"
네이버",서울,https://kr.indeed.com/채용보기?jk=d5ee2d2e500fe023
[Clova] Clova AI AiCall 개발자 경력사원,"
네이버",서울,https://kr.indeed.com/채용보기?jk=7db25ada717266e0
파이썬SW 금융분야 특화 챗봇 개발 함께 할 엔지니어,"
파운트",서울 충정로역,https://kr.indeed.com/채용보기?jk=ffd9cedb23e97344
챗봇 서비스 NLP 모델러,"
인터파크홀딩스",서울 강남구,https://kr.indeed.com/채용보기?jk=f04e2f1de5888684
파이썬(장고) 백엔드 개발 경력자,"
스토리앤브라더스",서울 구로구,https://kr.indeed.com/채용보기?jk=2a61aca4e872f75f
유명 바이오 의료기기 스타트업 백엔드 개발자 정규직,"
인파트너스",서울 서초구,https://kr.indeed.com/채용보기?jk=f674644621285e18
DATA ANALYST,"
ODK Media, Inc.",서울,https://kr.indeed.com/채용보기?jk=44914d62491e43d9
백엔드 파운트 시스템 엔지니어 (현재 급여수준 이상 보장),"
파운트",서울 충정로역,https://kr.indeed.com/채용보기?jk=d6c05c588971df5a
QA 엔지니어,"
myrealtrip",서울,https://kr.indeed.com/채용보기?jk=69a0719cd470a097
Data Center Technician,"
Amzn Corporate Services Korea",서울,https://kr.indeed.com/채용보기?jk=91e0cff49b6a9df6
연구원,"
국립암센터",고양 정발산역,https://kr.indeed.com/채용보기?jk=c09983262582358d
[Search] 쇼핑 검색 및 추천 AI 기술 개발 신입/경력사원,"
네이버",서울,https://kr.indeed.com/채용보기?jk=faf0422473d4188a
[해외취업] 엔지니어/게임 프로그래머 정사원/계약사원 중,"
CREEK & RIVER Co., Ltd.",대한민국,https://kr.indeed.com/채용보기?jk=fc207b90f7c09a40
"모빌리티 기업 렌카, 데이터 분석 담당자","
렌카",서울 광진구,https://kr.indeed.com/채용보기?jk=4aee3e7a50dce9d2
Data Specialist (Scientist&&Engineer),"
아우름플래닛",서울 마포구,https://kr.indeed.com/채용보기?jk=dd4d8e59a4a9265d
인프라 플랫폼 개발자,"
NHN godo",서울 구로구,https://kr.indeed.com/채용보기?jk=c8a7c9c4022a3544
경험최적화파트 - 데이터 사이언티스트/분석가,"
Nexon",성남 분당구,https://kr.indeed.com/채용보기?jk=c6e0b428a62c7eaa
computer science,"
(주)행림종합건축사사무소",서울 송파구,https://kr.indeed.com/채용보기?jk=571eb16197ec504f
테크센터개발팀 - 웹 프로그래머,"
Nexon",성남 분당구,https://kr.indeed.com/채용보기?jk=5f18c149379506cd
[AI검색플랫폼] 머신러닝 개발자,"
카카오엔터프라이즈",성남 분당구,https://kr.indeed.com/채용보기?jk=dea246efe3aa55a7
웹프론트엔드 개발자,"
Nexon",성남 분당구,https://kr.indeed.com/채용보기?jk=f4a5057bd3043129
[AI R&D] Language AI(NLP) Research 분야 수시 채용,"
엔씨소프트",성남 판교역,https://kr.indeed.com/채용보기?jk=f4190a8dbb8c05b1
퍼즐데이터 역량있는 데이터 분석가,"
주식회사퍼즐데이터",서울 역삼동,https://kr.indeed.com/채용보기?jk=116009dbf59211ed
NAVER IDC 서버 운영/관리(평촌),"
NIT Service",안양 동안구,https://kr.indeed.com/채용보기?jk=097c35ed002a62e5
[Clova] AI Platform Ecosystem 개발자 신입/경력사원,"
네이버",서울,https://kr.indeed.com/채용보기?jk=330df011c452156e
Data Scientist (LINE TIMELINE),"
LINE Plus corporation",성남 서현역,https://kr.indeed.com/채용보기?jk=747e809417b65ce3
얼굴모션 캡처기술 인공지능(AI) 연구개발 전문기업,"
인공지능(AI) 연구개발 전문기업",경기도,https://kr.indeed.com/채용보기?jk=4fa50f2ffd370bae
카카오톡 보이스톡/페이스톡/라이브톡 개발자,"
카카오",성남 판교역,https://kr.indeed.com/채용보기?jk=d585814d097935eb
채팅모듈 개발자,"
Nexon",성남 분당구,https://kr.indeed.com/채용보기?jk=3b752abecf619fe5
Python Programmer,"
Mofac",서울 서초구,https://kr.indeed.com/채용보기?jk=df21e3bb5d773616
[메가존] 오라클 클라우드 아키텍트,"
메가존",서울 강남구,https://kr.indeed.com/채용보기?jk=a57f408f00946723
모바일 앱 보안 솔루션 개발부문,"
스틸리언",서울 용산구,https://kr.indeed.com/채용보기?jk=6718bba08ef6e20b
매칭팀 - 프로그래머,"
Nexon",성남 분당구,https://kr.indeed.com/채용보기?jk=b83e48f219011128
Data Engineer,"
Toss",서울 강남구,https://kr.indeed.com/채용보기?jk=30397f4de3627e9d
기술적 진단/침해분석 (대리~과장),"
Success Korea",서울,https://kr.indeed.com/채용보기?jk=57eeb0cd4196cbe4
저축은행 소비자금융 Data Science,"
국내자본 저축은행",서울 구로구,https://kr.indeed.com/채용보기?jk=9cd311595b3e4bea
저축은행 앱마케팅팀 데이터분석,"
국내자본 저축은행",서울 구로구,https://kr.indeed.com/채용보기?jk=0ab285258b1cb206
EEFA,"
Success Korea",인천 송도동,https://kr.indeed.com/채용보기?jk=edb97f49613c2dd0
머신러닝기반 데이터분석[1차],"
Success Korea",서울 선릉역,https://kr.indeed.com/채용보기?jk=26cc815d5498f436
Sr.Backend Developer(Fintech),"
Success Korea",서울,https://kr.indeed.com/채용보기?jk=5a7a4df2f765285b
데이터 사이언스,"
Success Korea",서울 강남구,https://kr.indeed.com/채용보기?jk=e694ab3767521447
시스템 엔지니어,"
Success Korea",서울 쌍림동,https://kr.indeed.com/채용보기?jk=0e7e7fe884a77d10
Data Scientist,"
에너지 거래소 및 에너지데이터 중개",서울,https://kr.indeed.com/채용보기?jk=1622a08497f8c091
"Principal, Office365 SaaS Application Engineer (Corporate IT Applications)","
Coupang",서울,https://kr.indeed.com/채용보기?jk=8c8b1c8fee606a46
[메쉬코리아(부릉)] Senior Data Engineer 경력직,"
메쉬코리아",서울 강남구,https://kr.indeed.com/채용보기?jk=745d61a5b5f7d3e9
머신러닝 엔지니어 (3년이상),"
Success Korea",서울,https://kr.indeed.com/채용보기?jk=c4338692c14fa45a
Data Analyst (3년이상),"
Success Korea",서울,https://kr.indeed.com/채용보기?jk=91805cdafa75095d
서버 개발(사원~과장급),"
Success Korea",서울 가산디지털단지역,https://kr.indeed.com/채용보기?jk=4801b7535e8bc40d
Deep Learning Engineer(영상 처리),"
Success Korea",서울,https://kr.indeed.com/채용보기?jk=c0f615c8aecd5778
경영기획심사,"
Success Korea",서울,https://kr.indeed.com/채용보기?jk=a9376c5dec70af52
긴급]Database Administrator & Data Warehouse Engineer,"
Success Korea",서울 강남구,https://kr.indeed.com/채용보기?jk=c483dda7deecb505
소프트웨어 개발 PM,"
SW개발전문회사",서울 목동,https://kr.indeed.com/채용보기?jk=bfdb6d14b38319a1
Discovery(검색/추천) ML Engineer,"
Success Korea",서울,https://kr.indeed.com/채용보기?jk=62f4835c89011cd6
Customer Facing Data Scientist,"
Ever Better Recruitment (EBR)",서울,https://kr.indeed.com/채용보기?jk=b06176c3a7092e0a
저축은행 소비자금융본부 Data Science 팀,"
국내자본 저축은행",서울 구로구,https://kr.indeed.com/채용보기?jk=7376f377161ea4f2
머신러닝 엔지니어 (5년이상),"
Success Korea",서울,https://kr.indeed.com/채용보기?jk=4703aab992909e94
하둡 엔지니어 (긴급),"
Success Korea",서울 강남구,https://kr.indeed.com/채용보기?jk=30a73289957a9676
협업도구 및 코드관리도구 운영담당자 (경력),"
카카오",성남 판교역,https://kr.indeed.com/채용보기?jk=62bedb52fadedd74
저축은행 디지털뱅킹팀 데이터분석,"
국내자본 저축은행",서울 구로구,https://kr.indeed.com/채용보기?jk=51dcabafcf7a0bb0
Quantitative Researcher,"
Success Korea",서울 종로구,https://kr.indeed.com/채용보기?jk=324059b8ab6962c0
전자상거래 플랫폼 인프라 설계/구축/운영,"
Success Korea",서울,https://kr.indeed.com/채용보기?jk=9301688209a46cd7
포털 신규 검색기술 파일럿 개발(사원-차장),"
Success Korea",서울,https://kr.indeed.com/채용보기?jk=15c8fa49b690a9e5
Imaging Scientist,"
Success Korea",경기도 화성,https://kr.indeed.com/채용보기?jk=f6e50a2c31a16f79
데이타분석,"
Success Korea",서울 상암동,https://kr.indeed.com/채용보기?jk=a390d9ed3a15a69f
게임 딥러닝 AI 개발,"
Success Korea",성남 분당구,https://kr.indeed.com/채용보기?jk=a6df161cf8e96140
Javascript Developer,"
Success Korea",서울,https://kr.indeed.com/채용보기?jk=e07bf0c08b59ca0c
머신러닝기반 데이터분석_신입[3차],"
Success Korea",서울 선릉역,https://kr.indeed.com/채용보기?jk=f9c492daa7d5c940
고객데이터 분석 (3년이상),"
Success Korea",서울,https://kr.indeed.com/채용보기?jk=0f26fc885d7f30ee
서비스 개발 및 관리,"
Success Korea",서울,https://kr.indeed.com/채용보기?jk=bbf36187bf5002f0
[경력직] 클라우드 플랫폼(PaaS) 엔지니어 채용,"
에이치알 코리아",서울,https://kr.indeed.com/채용보기?jk=8d09144c7027cb06
Data engineer,"
Success Korea",서울 공덕동,https://kr.indeed.com/채용보기?jk=cbfaf43db43ea8f9
Sr.Service/platform Engineer (15년 이상),"
Success Korea",서울,https://kr.indeed.com/채용보기?jk=50a1cb7c9938cba4
Data Analyst (3년 이상),"
Success Korea",서울,https://kr.indeed.com/채용보기?jk=0ec5b648329eb0eb
Data Scientist (고객데이터 분석),"
Success Korea",서울,https://kr.indeed.com/채용보기?jk=7aa43c167847c40f
Sr. Back-end Engineer (SCM Systems),"
Coupang",서울,https://kr.indeed.com/채용보기?jk=e541375257c12d9b
"Solutions Architect, Manufacturing Specialist - AMAZON Web Services, Korea","
Amazon Web Services Korea LLC",서울,https://kr.indeed.com/채용보기?jk=1502306577f8b10a
Data Mining 개발(3년이상 경력),"
에이치알 코리아",서울,https://kr.indeed.com/채용보기?jk=8cf3625826afa063
검색품질 담당,"
Success Korea",서울 삼성동,https://kr.indeed.com/채용보기?jk=d5597ab320c653af
Sydney Based Cloud Support Engineer,"
Success Korea",대한민국,https://kr.indeed.com/채용보기?jk=449c79ff66c3925c
"Principal, Data Engineer (Search and Discovery Platform)","
Coupang",서울,https://kr.indeed.com/채용보기?jk=26adbac583b0ace5
백엔드 개발자(리드),"
Success Korea",서울 역삼역,https://kr.indeed.com/채용보기?jk=1947d9fed6bf4e36
머신러닝 엔지니어 (Machine Learning Engineer),"
Success Korea",서울,https://kr.indeed.com/채용보기?jk=4fb135f4b8706402
SW 품질 보증 전문가,"
Success Korea",서울,https://kr.indeed.com/채용보기?jk=8461bfe74b0948cf
Effect Supervisor (경력 10년 이상) Effect Artist (신입),"
Mofac",서울 서초구,https://kr.indeed.com/채용보기?jk=0fea9598510abf0e
Frontend Developer (Javascript/React),"
Bepro Company",서울,https://kr.indeed.com/채용보기?jk=d11342cfe074df78
Chief Technology Officer,"
Asiance",서울,https://kr.indeed.com/채용보기?jk=4484523b503e0f07
[Robotics] Robot Software Engineer,"
네이버",서울,https://kr.indeed.com/채용보기?jk=2531a0c578f5ca30
Senior R&D Engineer,"
Synopsys",서울,https://kr.indeed.com/채용보기?jk=4b6541fefc98ee60
TOAST CAM 임베디드 개발,"
NHN",성남 판교역,https://kr.indeed.com/채용보기?jk=1a75ce748c5f24e9
[허브클랜] 비즈니스 데이터 분석가 (Business Data Analyst) 영입,"
카카오페이",성남 분당구,https://kr.indeed.com/채용보기?jk=26d1cbdbfbca34d4
[삼성청년SW아카데미] 프로젝트 컨설턴트 (멀티캠퍼스),"
멀티캠퍼스",경상북도 구미,https://kr.indeed.com/채용보기?jk=1a642e02295c816d
[조직문화/개발팀] 백엔드 엔지니어(사내 시스템 개발),"
버즈니",서울,https://kr.indeed.com/채용보기?jk=a312aadd51cba768
[Robotics] Robot Software Engineer,"
네이버랩스",성남 분당구,https://kr.indeed.com/채용보기?jk=7194f219e603ba30
카카오 네트워크 엔지니어,"
카카오",성남 판교역,https://kr.indeed.com/채용보기?jk=f281c810daf0e10d
[NIT Service] NAVER IDC 서버 운영/관리(평촌),"
엔아이티서비스",안양 동안구,https://kr.indeed.com/채용보기?jk=bb54f78c70eff609
[신규프로젝트] 차세대 콘솔 Maya 리거 채용,"
엔씨소프트",성남 판교역,https://kr.indeed.com/채용보기?jk=7bd59201a82e59ed
딥러닝 알고리즘 및 응용 Engineer,"
딥엑스",성남 분당구,https://kr.indeed.com/채용보기?jk=07a8bb63e26d141c
Lead Technical Solutions Engineer,"
MightyHive",서울,https://kr.indeed.com/채용보기?jk=ae2c6294bc277408
데이터 분석 및 지표 구축,"
아프리카TV",성남 분당구,https://kr.indeed.com/채용보기?jk=613678e409e8667c
챗봇 플랫폼 개발자,"
카카오",성남 판교역,https://kr.indeed.com/채용보기?jk=20d40ee61adffeca
[Autonomous Driving] Virtual Environment Simulation Engineer,"
네이버랩스",성남 분당구,https://kr.indeed.com/채용보기?jk=3467d9e176d274c7
"토목설계, 토목기사 외 신입/경력 정규직, 계약직, 인턴","
한국도로기술21",경기도 화성,https://kr.indeed.com/채용보기?jk=7d218fea2ed0fd33
[Clova] 음성인식 엔진/BE/FE 개발 경력사원,"
네이버",서울,https://kr.indeed.com/채용보기?jk=b9b6f9cb761d47ac
메시지발송 플랫폼 개발자,"
Nexon",성남 분당구,https://kr.indeed.com/채용보기?jk=eaee1538d8cc832f
데브옵스개발팀 - 웹 프로그래머,"
Nexon",성남 분당구,https://kr.indeed.com/채용보기?jk=c78a3c5d7bb7d883
데이터 엔지니어,"
크로스앵글",서울 반포동,https://kr.indeed.com/채용보기?jk=ae15250b0a7f47e0
"소프트웨어, 프로그래밍 정규직","
삼정산업",포항 북구,https://kr.indeed.com/채용보기?jk=2078ccd1b792432d
4G LTE/5G NR Software Engineer,"
Success Korea",서울 신대방동,https://kr.indeed.com/채용보기?jk=081ba90fcfa975e3
Data Scientist III,"
Amazon Web Services Korea LLC",서울,https://kr.indeed.com/채용보기?jk=67ca30c143379281
(쿠키런: 오븐브레이크) 데이터과학자 (인턴),"
데브시스터즈",서울 신사동,https://kr.indeed.com/채용보기?jk=9702f48d57992395
[기술플랫폼실] 데이터 사이언티스트(Data Scientist) 분석가 영입,"
카카오페이",성남 분당구,https://kr.indeed.com/채용보기?jk=3a3c48cd3026f062
[XR Experience] 메디컬 콘텐츠 Unity 개발 경력자,"
테트라시그넘",서울 송파구,https://kr.indeed.com/채용보기?jk=993c3077a05b9867
MongoDB Engineer,"
카카오",성남 판교역,https://kr.indeed.com/채용보기?jk=2695294aea6dc3b6
[모아리포트] 개발팀 / 백엔드 엔지니어,"
버즈니",서울,https://kr.indeed.com/채용보기?jk=3b8b8e19a432077d
[S/W] AI Platform Engineer,"
현대자동차그룹",서울 강남구,https://kr.indeed.com/채용보기?jk=1031dcc466f8a204
[Search] [Vision] Computer Vision Engineer 체험형 인턴,"
네이버",서울,https://kr.indeed.com/채용보기?jk=a41d35173ffe4666
검색서비스 서버 개발 신입/경력,"
포티투마루",서울 관악구,https://kr.indeed.com/채용보기?jk=e010f7780d479126
BigData 플래폼 S/W 엔지니어,"
에스케이플래닛",성남 분당구,https://kr.indeed.com/채용보기?jk=f650c8f813cdac23
경력사원 상시 (AI 기획 및 개발),"
신세계아이앤씨",서울 중구,https://kr.indeed.com/채용보기?jk=ab6d748f635fcc41
백엔드 개발자 (데이터 엔지니어) Senior,"
유저해빗",서울 마포구,https://kr.indeed.com/채용보기?jk=452f37372f9f6309
[유명생보사] 통계분석 모델링 담당자,"
㈜에프앤이그재제큐티브",서울,https://kr.indeed.com/채용보기?jk=1a282f7477ebb853
테크빌더팀 웹어플리케이션 개발자 (백앤드/프론트앤드),"
Nexon",성남 분당구,https://kr.indeed.com/채용보기?jk=9d9f5827c98272c9
Linux/Python/PHP/MySQL/백엔드 정규직 경력,"
일루미나리안",용인 보정동,https://kr.indeed.com/채용보기?jk=04d685fc70b67d4e
[경력] 지도 구축 솔루션 개발,"
현대엠엔소프트",서울 용산구,https://kr.indeed.com/채용보기?jk=3fa3834bb999829b
플랫폼 관제운영 (계약직: 6개월),"
PUBG",서울,https://kr.indeed.com/채용보기?jk=2a7a7639f3d97978
바디모션 캡처기술 인공지능(AI) 연구개발 전문기업,"
인공지능(AI) 연구개발 전문기업",경기도,https://kr.indeed.com/채용보기?jk=8925ce6bab9d00d6
Backend Developer,"
Calm Island",서울,https://kr.indeed.com/채용보기?jk=1ce577010a0d8f4d
MySQL 운영 및 개발 DBA (경력),"
네오위즈",대한민국,https://kr.indeed.com/채용보기?jk=3be9c091be0a88a8
AD Performance Dev,"
LINE Plus corporation",성남 서현역,https://kr.indeed.com/채용보기?jk=cef60a5a4a42fe95
[금융사업클랜] 비즈니스 데이터 분석가 (Business Data Analyst) 영입,"
카카오페이",성남 분당구,https://kr.indeed.com/채용보기?jk=eca18a1897e5d4ea
